model,params,accuracy_mean,precision_mean,recall_mean,f1_mean
LR_default,{'max_iter': 1000},0.8558333333333332,0.7157452907452908,0.2019556714471969,0.3125757280732292
LR_balanced,"{'max_iter': 1000, 'class_weight': 'balanced'}",0.7080555555555555,0.32190115347586656,0.7078951180646096,0.4423796423954573
DT_depth5,{'max_depth': 5},0.8561111111111112,0.6415178308281757,0.27151962914674777,0.3808498539283606
RF_default,{'n_estimators': 100},0.851388888888889,0.612748530573317,0.2630740257858902,0.36653459229415175
